<?xml version="1.0"?>
<config xmlns:xsi="http://www.w3.org/2001/XMLSchema-instance"
        xsi:noNamespaceSchemaLocation="urn:magento:framework:Acl/etc/acl.xsd">
    <acl>
        <resources>
            <resource id="Magento_Backend::admin">
                <resource id="Magento_Backend::stores">
                    <resource id="Magento_Backend::stores_settings">
                        <resource id="Magento_Config::config">
                            <resource id="Cminds_AdvancedPermission::configuration" title="Cminds Advanced Permissions Configuration" sortOrder="50"/>
                        </resource>
                    </resource>
                </resource>
                <resource id="Magento_Catalog::catalog">
                    <resource id="Magento_Catalog::catalog_inventory">
                        <resource id="Magento_Catalog::products">
                            <resource id="Cminds_AdvancedPermission::product_allow_to_create_edit" title="Allow To Create/Edit"/>
                            <resource id="Cminds_AdvancedPermission::product_allow_to_delete" title="Allow To Delete"/>
                        </resource>
                        <resource id="Magento_Catalog::categories">
                            <resource id="Cminds_AdvancedPermission::category_allow_to_create_edit" title="Allow To Create/Edit"/>
                            <resource id="Cminds_AdvancedPermission::category_allow_to_delete" title="Allow To Delete"/>
                        </resource>
                    </resource>
                </resource>
                <resource id="Magento_Customer::customer">
                    <resource id="Magento_Customer::manage">
                        <resource id="Cminds_AdvancedPermission::customer_allow_to_create_edit" title="Allow To Create/Edit"/>
                        <resource id="Cminds_AdvancedPermission::customer_allow_to_delete" title="Allow To Delete"/>
                    </resource>
                </resource>
            </resource>
        </resources>
    </acl>
</config>
