<?xml version="1.0"?>
<config xmlns:xsi="http://www.w3.org/2001/XMLSchema-instance"
        xsi:noNamespaceSchemaLocation="urn:magento:module:Magento_Config:etc/system_file.xsd">
    <system>
        <tab id="cminds_advancedpermissions"
             translate="label"
             sortOrder="1000"
             class="cminds-logo">
            <label>Cminds Advanced Permissions</label>
        </tab>
        <section id="cminds_advancedpermissions"
                 translate="label"
                 type="text"
                 sortOrder="100"
                 showInDefault="1"
                 showInWebsite="1"
                 showInStore="1">
            <label>Configuration</label>
            <tab>cminds_advancedpermissions</tab>
            <resource>Cminds_AdvancedPermission::configuration</resource>
            <group id="general"
                   translate="label"
                   type="text"
                   sortOrder="10"
                   showInDefault="1"
                   showInWebsite="1"
                   showInStore="1">
                <label>General</label>
                <field id="module_enabled"
                       translate="label"
                       type="select"
                       sortOrder="10"
                       showInDefault="1"
                       showInWebsite="1"
                       showInStore="1">
                    <label>Enable</label>
                    <source_model>Magento\Config\Model\Config\Source\Yesno</source_model>
                </field>
            </group>
        </section>
    </system>
</config>